user_id,first_name,last_name,gender,email,phone,dob,job_title
88F7B33d2bcf9f5,Shelby,Terrell,Male,elijah57@example.net,001084906784973518,1945-10-26,Games Developer
f90cD3E76f1A9b9,Phillip,Summers,Female,bethany14@example.com,21411260444913,1910-03-24,Phytotherapist
DbeAb8CcdfeFC2c,Kristine,Travis,Male,bthompson@example.com,2776097938,1992-07-02,Homeopath
A31Bee3c201ef58,Yesenia,Martinez,Male,kaitlinkaiser@example.com,5840946111,2017-08-03,Market Researcher
1bA7A3dc874da3c,Lori,Todd,Male,buchananmanuel@example.net,68920735587233,1938-12-01,Veterinary Surgeon
bfDD7CDEF5D865B,Erin,Day,Male,tconner@example.org,00117164998565553,2015-10-28,Waste Management Officer
bE9EEf34cB72AF7,Katherine,Buck,Female,conniecowan@example.com,1773151668549162,1989-01-22,Intelligence Analyst
2EFC6A4e77FaEaC,Ricardo,Hinton,Male,wyattbishop@example.com,001447699799888612,1924-03-26,Hydrogeologist
baDcC4DeefD8dEB,Dave,Farrell,Male,nmccann@example.net,603428242927392,2018-10-06,Lawyer
8e4FB470FE19bF0,Isaiah,Downs,Male,virginiaterrell@example.org,151137215448206,1964-09-20,"Engineer, Site"
BF0BbA03C29Bb3b,Sheila,Ross,Female,huangcathy@example.com,8958814746,2008-03-20,Advertising Account Executive
F738c69fB34E62E,Stacy,Newton,Male,rayleroy@example.org,710673321380335,1980-10-20,Warden/Ranger
C03fDADdAadAdCe,Mandy,Blake,Male,jefferynoble@example.org,99246613054947,2007-12-08,"Scientist, Clinical (Histocompatibility And Immunogenetics)"
b759b74BD1dE80d,Bridget,Nash,Female,mercedes44@example.com,2166278359,2004-06-28,Social Worker
1F0B7D65A00DAF9,Crystal,Farmer,Male,pmiranda@example.org,10243775391,1992-03-09,Agricultural Consultant
50Bb061cB30B461,Thomas,Knight,Female,braunpriscilla@example.net,13608800766,2006-02-18,Sport And Exercise Psychologist
D6dbA5308fEC4BC,Maurice,Rangel,Male,sheenabanks@example.com,2461874969,2004-08-20,Secretary/Administrator
311D775990f066d,Frank,Meadows,Male,gbrewer@example.org,42996539024447,2008-09-16,Audiological Scientist
7F7E1BAcb0C9AFf,Alvin,Paul,Male,gilbertdonaldson@example.com,219436088707551,1949-05-12,"Teacher, Adult Education"
88473e15D5c3cD0,Jared,Mitchell,Female,jcortez@example.com,19588496781,1921-01-18,Paediatric Nurse
b31D271F8c200AB,Jacqueline,Norton,Female,carias@example.net,819309767959173,1952-10-09,"Scientist, Marine"
42F4BdA841aBadC,Colleen,Hatfield,Female,fknox@example.org,6385841090,1949-10-14,Commercial Horticulturist
cBbBcA0FCA3C4Bc,Randy,Barnes,Male,huangbill@example.org,001960629716467214,1947-12-30,Outdoor Activities/Education Manager
f1f89173353aD90,Janice,Rhodes,Female,juarezdominique@example.net,00124931497426996,1999-11-01,Drilling Engineer
c5B09fb33e8bA0A,Alfred,Mcneil,Female,cassandramorris@example.com,468276950953058,1993-05-28,Systems Analyst
c9F2282C40BEC1E,Sean,Levine,Male,sallymiller@example.net,4915828504,2010-10-09,"Conservation Officer, Nature"
9c1bc7EC53Fb7cE,Louis,Payne,Male,bsullivan@example.net,6232695307,1916-01-29,Counsellor
ddEc50e2A2e3a2B,Brittney,Vega,Female,ayalajose@example.net,9457398686,1932-10-31,Recycling Officer
66F096D36Ebae11,Judy,Buckley,Male,irosales@example.net,001654208124152830,1963-07-28,Art Gallery Manager
F0fE2faAd78F8b5,Norman,Weber,Male,mconrad@example.com,2230020429,1957-05-21,Gaffer
5d2feAfbdCAA6B5,Isaiah,Camacho,Female,jimblake@example.org,0015365443367,1966-04-07,Food Technologist
cDa5F303fCd6dEa,Jacqueline,Gallagher,Male,nsampson@example.net,2477628934,1999-02-25,Building Services Engineer
8Ef7DBfcaB02b6B,Bonnie,Andrews,Female,caitlin24@example.net,125398727769161,1953-12-21,Seismic Interpreter
6Dec5b5542F8ed8,Brandon,Schmidt,Female,mconley@example.net,13866731465006,1931-05-12,"Engineer, Biomedical"
3Fb8a7f68e12784,Jackson,Sparks,Female,reynoldsdarryl@example.net,137908312965035,1980-11-18,Set Designer
035eff50B9A0F24,Melody,Cook,Male,jeannovak@example.org,8267927381,1963-06-25,Research Scientist (Life Sciences)
aa614aAE4B7Cf0C,Leonard,Hurst,Male,clinton78@example.org,941038042738800,1938-03-13,"Accountant, Chartered Management"
ACcde95AAe3e6cC,Gene,Rich,Female,luisdeleon@example.org,1356818660489537,1946-08-22,"Surveyor, Quantity"
b6a35de5CB6fc25,Cynthia,Wiggins,Female,rosariodave@example.org,110858243770190,1984-01-27,Outdoor Activities/Education Manager
e92A191E345fA3A,Tanya,Mckinney,Female,vickihouston@example.com,8307749002086,2003-03-12,Information Systems Manager
7D0AcBF6CCac3fd,Matthew,Stone,Female,evelyn31@example.org,9523816360,2017-08-23,"Scientist, Clinical (Histocompatibility And Immunogenetics)"
CEFA7BBCef013AE,Kirk,Walsh,Female,stephenfuller@example.org,00182649655298661,2009-04-08,Accounting Technician
9edBC94aE7cA22a,Willie,Vang,Female,haleymathews@example.net,7411686854067,1978-02-02,Management Consultant
fFe7BAA737aDbe2,Miguel,Hill,Female,tyrone56@example.org,5247842945,1930-08-26,Make
5F2f3fAca8B0946,Darren,Andrews,Male,lhernandez@example.com,9757994261,1997-10-04,Retail Banker
6bFcfc3cc1BC6B4,Haley,Pugh,Female,molly03@example.org,74618261372453,1980-09-16,Commissioning Editor
f3BD2cBF7eEb6df,Danielle,Estrada,Female,jvang@example.org,8903749518772,1930-07-09,"Accountant, Chartered Management"
Ee4eB129dC7913A,Becky,Brady,Male,erikmueller@example.org,3900020863,1957-06-27,Seismic Interpreter
dBCEf340C3657Eb,Caitlyn,Frey,Male,rivasdominique@example.org,805021396546344,1968-01-26,Jewellery Designer
E47FB71DD9ACCd9,Joshua,Sweeney,Male,daisymcgee@example.net,8759942100535,1954-07-28,"Education Officer, Museum"
eA3fDd79BE9f0E7,Heidi,Escobar,Female,staffordtravis@example.net,60115530651131,1931-09-25,Estate Manager/Land Agent
aF0eE4547Bc025c,Brian,Oconnell,Female,saralong@example.net,9522831423733,1911-10-23,Physiotherapist
9F5DeD7aD228F5a,Beverly,Esparza,Female,iphelps@example.net,132757887546771,1930-12-09,Passenger Transport Manager
D3Fa0220dDE4d36,Nathaniel,Rivas,Female,roberto29@example.com,655887204037888,1908-11-17,Call Centre Manager
60FdBFd5e7BE8fF,Debra,Payne,Female,yolanda07@example.org,001731525840052593,1927-08-20,Special Educational Needs Teacher
D8bF5Ab2b98caff,Mackenzie,Rocha,Female,abbottyvette@example.net,4225525458,1980-10-21,Museum/Gallery Exhibitions Officer
CD8d33aA25bc8BB,Courtney,Watkins,Female,ochang@example.org,21068327615883,2003-12-07,Pension Scheme Manager
Fac3BfFf0A3d03c,Fred,Olsen,Female,amyanderson@example.com,4977743053,1910-04-10,Archaeologist
e552D7ddafe1FFb,Ryan,Nelson,Female,qnorman@example.org,9563302951,1924-05-02,Historic Buildings Inspector/Conservation Officer
0f8deedb629A5f6,Grace,Phelps,Male,clarkeangela@example.net,03486788276777,1909-10-15,Petroleum Engineer
bB9e49E506F65ed,Shari,Daugherty,Male,kalvarado@example.org,00195165547986124,1944-11-24,Curator
Ed724605A403D91,Kelli,Garner,Male,jodyvincent@example.org,99500042130982,2010-01-17,Retail Banker
0aBE5ACb18E0c10,Jackie,Bennett,Male,hutchinsonkirk@example.com,00174093708460087,1915-11-11,Neurosurgeon
5D2cb63CaAF53f6,Leslie,Conway,Female,floreschristina@example.org,7957824384555,1983-11-06,Chiropractor
Ee6974f90eeCe18,Harold,Barnett,Female,nathan65@example.org,10262656392,1943-03-15,"Biochemist, Clinical"
cEf02C076afa07f,Larry,Harper,Male,maria32@example.org,124463037924121,2021-05-05,"Scientist, Water Quality"
9Df5Ba591bF3EFf,Mike,Ward,Female,imccullough@example.com,1167295046,1967-11-09,Hydrologist
3faB1CBfEFBDdD4,Brittney,Rubio,Female,corey92@example.com,5939762528,1959-12-24,"Biochemist, Clinical"
Ebcefdf75eCb0a9,Frank,Pineda,Male,daltoncalvin@example.net,03596150609182,1926-03-10,Hospital Pharmacist
e75e5DBfcb68887,Sandra,Wu,Male,ubanks@example.com,10966066454067,1925-04-28,Warehouse Manager
6a53a8D41dDF6de,Ryan,Benton,Male,lopezdebbie@example.org,16955579948485,2020-10-06,Physiological Scientist
F0d3bD1aaf9E3Bc,Tamara,Hull,Male,meagan39@example.net,01766537447944,1933-01-31,English As A Second Language Teacher
5bC87340799FBD0,Jean,Ritter,Female,kristina76@example.com,9540601066,1985-08-06,Financial Trader
dBfA17Aaf16b4ab,Veronica,Briggs,Female,weissbridget@example.com,1521589238748490,1974-06-08,Structural Engineer
c935b7Eb6FA0B0F,Kim,Andrews,Female,wpetersen@example.org,7677125383,1990-11-15,"Biochemist, Clinical"
b3e15e65Ca2CcBf,Tina,Cunningham,Male,wongmary@example.org,0799075051,1956-11-29,Race Relations Officer
dade3452F0c32FD,Jonathon,Atkinson,Male,gailfrench@example.net,8740372032932,2011-07-19,"Psychologist, Forensic"
AdEd6cfD85DeC46,Jermaine,Reid,Female,vpaul@example.com,7422148691,1974-08-18,Newspaper Journalist
DAf111987098ae4,Regina,Stevens,Male,xpoole@example.net,8913592684,2011-11-28,Public House Manager
6e6a5b885F6496d,Terrence,Huff,Male,cassandra80@example.org,22180064085416,1944-02-27,Careers Information Officer
12DCb4ED8E01D5C,Tyler,Foley,Female,johnathan72@example.org,00138646930758030,1908-09-19,Economist
E1cB5cA8CA7CC0a,Andrew,Waters,Male,nhall@example.net,137686527653351,1948-05-14,Jewellery Designer
AedDfaE8Cf49F07,Reginald,Stephenson,Male,erikaball@example.net,18325006044475,2010-02-08,Contracting Civil Engineer
bff9853aFAeF772,Douglas,Reese,Female,nixonvanessa@example.net,00183466083129864,1961-11-11,Higher Education Lecturer
E883773cA5219Be,Helen,Williamson,Female,melvin08@example.net,0013777264229,1911-08-11,"Lecturer, Further Education"
CB19EafEbBfF9eC,Mario,Vaughn,Male,oblake@example.com,160144503912276,1990-07-08,Research Scientist (Life Sciences)
5834700fbEd2771,Chelsea,Dickson,Male,johnnyhendricks@example.net,001698651013818588,1958-05-13,"Teacher, Early Years/Pre"
2b0Ab1Dc9E01D7E,Dustin,Bailey,Male,pbarron@example.net,19656211157345,1908-08-22,Travel Agency Manager
3f3a3D89ad042Dd,Harry,Medina,Female,olsenmalik@example.net,14510995805,1947-08-24,Technical Sales Engineer
9425E2F38C408ef,Kathy,Haney,Female,teresa37@example.com,1641058456,1955-09-02,Charity Fundraiser
F0aeC9c2759F3C6,Alison,Nixon,Female,zmiles@example.net,3506680871,1941-07-10,Patent Attorney
d6EA619A7C4aA95,Jamie,Hardy,Female,sheenadouglas@example.com,900803929511533,1994-07-17,"Conservator, Furniture"
2A33E7Cad1bb0F5,Melody,Cox,Female,evan90@example.org,62652050803511,1974-07-30,Dance Movement Psychotherapist
d181FFB7d3E68bb,Xavier,Cole,Male,nicolas90@example.org,8164259975,1938-11-29,Financial Planner
feaBf8dAE0C0d6F,Dillon,Guzman,Female,angelanavarro@example.net,9719924521,1942-04-01,Air Broker
5eFda7caAeB260E,Dennis,Barnes,Female,bmartin@example.org,0010955242112257,1954-07-30,Software Engineer
CCbFce93d3720bE,Steve,Patterson,Female,latasha46@example.net,0018654785157,1932-04-29,Barrister
2fEc528aFAF0b69,Wesley,Bray,Male,regina11@example.org,995542300476800,1994-12-28,Police Officer
Adc7ad9B6e4A1Fe,Summer,Oconnell,Female,alexiscantrell@example.org,0012736856932092,2012-04-12,Broadcast Journalist
b8D0aD3490FC7e1,Mariah,Bernard,Male,pcopeland@example.org,341594655444657,2016-11-15,It Sales Professional
